scenario,runs,requests,accepted,rejected,deployments,expected_outcomes,unexpected_outcomes,median_ms,p95_ms,request_p95_ms,remaining_locks,passed
AWS 신규 이미지,2,2,2,0,2,2,0,121672.5,164425.65,198.05720000000002,0,true
AWS 동일 이미지 재배포,3,3,3,0,3,3,0,20315,22921.4,222.2864,0,true
On-Prem 신규 이미지,3,3,3,0,3,3,0,27263,54675.2,186.91719999999998,0,true
On-Prem 동일 이미지 재배포,3,3,3,0,3,3,0,19915,21208.3,196.05749999999998,0,true
AWS 2건 동시,3,6,6,0,6,6,0,25180.5,31077.75,207.790165,0,true
AWS + On-Prem 동시,3,6,6,0,6,6,0,21311.5,33644.25,210.66545000000002,0,true
On-Prem 2건 동시,3,6,6,0,6,5,1,34089,51795.25,207.26693,0,false
혼합 5건 동시,2,10,10,0,10,10,0,34232,63511.349999999984,296.58789,0,true
5분 지속 요청,1,10,10,0,10,10,0,20740.5,30542.35,156.11915,0,true
동일 프로젝트 잠금,3,6,3,3,3,3,0,18469,19408.6,174.44254,0,true
On-Prem → AWS 전환,3,3,3,0,3,3,0,26554,131402.19999999998,198.15390000000002,0,true
AWS → On-Prem 전환,3,3,3,0,3,3,0,19002,19386.3,215.91,0,true
검증 실패·롤백,3,3,3,0,3,3,0,63980,180723.5,204.25969999999998,0,true
