담당자,우선순위,기능,Status,Endpoint,ID,Method,Request,Response,Response Code,설명
공통,P0,헬스체크,완료,/health,API-00,GET,—,"200 + { status: ""ok"" }",200,"플랫폼 자체 헬스체크. apps/api/src/server.ts 에서 /api/v1 밖 top-level 로 등록. 인증 불필요"
공통,P1,세션 인증 발급,완료,/api/v1/auth/session,API-01,POST,{ apiKey: string },"201 + { token, expiresAt, userId }","201, 401, 429, 500","API Key 교환 → 단기 세션 토큰 발급. apps/api/src/routes/auth.ts. 레이트리밋 + API_KEY 미설정 시 503. P0 는 Bearer api_key 직접 사용"
이정,P0,프로젝트 생성,완료,/api/v1/projects,API-02,POST,"{ name: string(1-100), description?: string(max 500) }",201 + Project 객체,"201, 400, 401, 409, 500","새 프로젝트 생성. 이름 중복 시 409. apps/api/src/routes/projects.ts"
이정,P0,프로젝트 리스트 조회,완료,/api/v1/projects,API-03,GET,"query: cursor?, limit(1-100, default 20)","200 + { items, nextCursor, total }","200, 401, 500","커서 기반 페이지네이션. apps/api/src/routes/projects.ts"
이정,P0,프로젝트 상세 조회,완료,/api/v1/projects/:id,API-04,GET,path param: id,200 + Project 객체,"200, 401, 404, 500","단일 프로젝트 조회. apps/api/src/routes/projects.ts"
이정,P0,배포 생성 (소스 업로드),완료,/api/v1/deployments,API-05,POST,"multipart/form-data: source(zip, 최대 100MB), project_id(필수), target?(aws|onprem), environment_id?, mode?(container|serverless)","202 + { deploymentId, status: received, eventsUrl }","202, 400, 401, 404, 409, 413, 500","소스 zip 업로드 + 배포 시작. environment_id 가 있으면 target 생략 가능 (#215). mode 는 배포 형태 고급 설정 (D-63, #282). apps/api/src/routes/deployments.ts"
이정,P0,배포 상태 조회,완료,/api/v1/deployments/:id,API-06,GET,path param: id,200 + Deployment + currentStep + approvalPending,"200, 401, 404, 500","배포 상태·진행 단계·완료 URL 조회. logTail 최대 5줄 포함. apps/api/src/routes/deployments.ts"
이정,P0,배포 이벤트 스트림 (SSE),완료,/api/v1/deployments/:id/events,API-07,SSE,"Accept: text/event-stream, Last-Event-Id?(재연결용)","200 text/event-stream (state_changed, analysis.progress, approval_requested, ir_updated, missing_resources_updated, lock.changed, step_completed)","200, 401, 404","SSE 실시간 스트림. 30초 heartbeat, Last-Event-Id 로 replay. apps/api/src/routes/deployment-events.ts. ANL-08 캐시 히트 시 analysis.progress {step: cache_hit, from_cache: true} 발행 (API-07-EXT)"
이정,P0,IR 조회,완료,/api/v1/deployments/:id/ir,API-08,GET,path param: id,"200 + { deploymentId, ir, version, generatedAt }","200, 401, 404, 500","현재 배포의 IR(앱 명세) JSON 반환. 분석 완료 전 조회 시 404. apps/api/src/routes/deployment-ir.ts"
이정,P0,IR 편집,완료,/api/v1/deployments/:id/ir,API-09,PATCH,"{ ir: IrSchema.deepPartial(), version: number }",200 + 수정된 IR,"200, 400, 401, 404, 409, 500","IR 수동 편집. deep merge. 낙관적 락(version 불일치 시 409). awaiting_target_confirmation 에서만. SSE ir_updated 브로드캐스트. apps/api/src/routes/deployment-ir.ts"
이정,P0,빠진 요소 결정 제출,완료,/api/v1/deployments/:id/missing-resources,API-10,POST,"{ decisions: [{ resource, action: exclude|add_module, moduleId? }] }","200 + { deploymentId, resolved, remaining, updatedIr }","200, 400, 401, 404, 409, 500","프로필 capabilities 에 없는 리소스 결정 제출. awaiting_target_confirmation 에서만 유효. apps/api/src/routes/deployment-missing.ts"
이정,P0,승인 게이트 처리,완료,/api/v1/deployments/:id/approvals,API-11,POST,"{ gate: target|plan|patch, decision: approve|reject, note? }","200 + { deploymentId, gate, decision, newStatus, lockAcquired? }","200, 400, 401, 403, 404, 409, 500","승인 게이트 approve/reject. target 승인 시 env_lock 획득 + build 큐 enqueue. patch 게이트는 D-64 SQLite→RDS 수정안 승인. apps/api/src/routes/deployment-approvals.ts"
이정,P0,배포 로그 조회,완료,/api/v1/deployments/:id/logs,API-12,GET,"query: step(analyze|build|provision|verify), tail?, stream?(default false)","200 text/plain · 204 로그 없음 · 400 (stream=true 미구현)","200, 204, 400, 401, 404, 500","단계별 로그 조회. stream=true 는 P1 미구현(400 NOT_IMPLEMENTED). apps/api/src/routes/deployment-logs.ts"
공통,P1,롤백,완료,/api/v1/deployments/:id/redeploy,API-13,POST,"{ targetEnvironmentId?: string(digits), mode?: container|serverless }","202 + { deploymentId, status: received, eventsUrl }","202, 400, 401, 404, 409, 500","이전 소스·IR 그대로 재배포 (분석 · target 승인 skip). targetEnvironmentId 로 환경 override, mode 로 배포 형태 변경 (D-63, #282). 롤백 UX 는 이 엔드포인트로 흡수. apps/api/src/routes/deployments.ts"
이정,P1,배포 취소,완료,/api/v1/deployments/:id/cancel,API-13B,POST,{ reason?: string },"200 + { deploymentId, status: cancelled }","200, 400, 401, 404, 409, 500","진행 중 배포 취소 (cancelled 전이 + env_lock 해제). apps/api/src/routes/deployments.ts"
공통,P1,환경 전환,대기,/api/v1/deployments/:id/switch,API-14,POST,"{ targetEnv: aws|onprem, reason? }","202 + { deploymentId, switchJobId, from, to, estimatedSwitchSec }","202, 400, 401, 404, 409, 500","트래픽을 다른 환경으로 전환. 9/30 데모 포인트. 라우트 미구현 (현재 redeploy 로 환경 override 로 대체). SW-01~03"
신은영,P0,에이전트 작업 claim (long-poll),완료,/api/v1/agents/jobs/claim,API-15,POST,"Bearer agent_api_key","200 + { job: 배포 Job | null }","200, 401, 500","Agent 가 자기 Environment 의 배포 Job 을 long-poll claim. 기본 20초, 500ms 간격. Lease 90초. apps/api/src/routes/agent-jobs.ts"
신은영,P0,에이전트 작업 결과 제출,완료,/api/v1/agents/jobs/:jobId/result,API-16,POST,"ready_for_verify | failed (discriminated union: deploymentId, imageUri, runningDigest(sha256), localUrl, endpoint(https), startedAt, finishedAt, errorCode?, errorMessage?)",204 No Content,"204, 400, 401, 404, 409, 500","에이전트 Job 결과 저장 + Verify 연결. apps/api/src/routes/agent-jobs.ts"
김민성,P0,프로필 카탈로그 조회,대기,/api/v1/profiles,API-17,GET,—,"프로필 목록 (id, name, provider, capabilities, estimatedMonthlyCost)",200,"REC-04. 라우트 미구현 (현재 vendor→profile 매핑은 서버 내부). 프로필 자동 선택(D-65) 로 UI 선택 축소"
김민성,P0,프로필 상세 조회,대기,/api/v1/profiles/:id,API-18,GET,path: id,"프로필 상세 + capabilities + requiredInputs","200, 404","REC-04. 라우트 미구현"
이정,P0,분석 리포트 조회,완료,/api/v1/deployments/:id/analysis-report,API-19,GET,path: id,"detectedStack, services, resources, warnings(ANL-06 코드 포함: ANL-06-HARDCODED-SECRET · ANL-06-DOCKER-ROOT), unresolved, migrationTool","200, 404","ANL-07. apps/api/src/routes/deployment-analysis-report.ts. D-50: warning 메시지에 시크릿 값 미포함. API-19-EXT: 위험 경고 ANL-06 코드 노출"
신은영,P0,Terraform 플랜 조회,대기,/api/v1/deployments/:id/plan,API-20,GET,path: id,"planId, summary(toAdd/toChange/toDestroy), resources, estimatedMonthlyCost","200, 404, 409","PRV-02. awaiting_plan_approval 상태 전용. 라우트 미구현 (현재 plan 승인 게이트는 자동 승인, D-62)"
김민서,P0,헬스체크 현황 조회,완료,/api/v1/deployments/:id/health,API-21,GET,path: id,"status, checks[], consecutivePassed, requiredPasses, targetUrl","200, 404","VRF-01/04. verifying 상태 연속 3회 통과 확인. apps/api/src/routes/deployment-health.ts"
김민성,P0,배포 이력 조회,완료,/api/v1/projects/:id/deployments,API-22,GET,"query: cursor?, limit?, status?","배포 목록 (id, status, sourceVersion, targetEnvironments, createdAt, succeededAt)","200, 404","LOG-01. status=queued 로 대기열 필터링 포함. apps/api/src/routes/projects.ts"
이정,P1,환경 등록,완료,/api/v1/environments,API-23,POST,"{ name, type(aws|onprem), projectId?(공용은 생략), awsConfig: { accessKeyIdSecretName, secretAccessKeySecretName, region } | onpremConfig: { agentRegistrationToken, hostname } }",201 + 환경 상세,"201, 400, 409","REC-01. Access Key 는 secrets 이름으로만 참조. projectId 생략 시 공용 연결(#215). apps/api/src/routes/environments.ts"
이정,P1,환경 목록 조회,완료,/api/v1/environments,API-24,GET,query: projectId?,등록된 환경 목록,200,"REC-01. projectId 생략 시 공용 연결 목록(#215). apps/api/src/routes/environments.ts"
이정,P1,환경 상세 조회,완료,/api/v1/environments/:id,API-25,GET,path: id,"환경 상세 + agentStatus, lastSeenAt","200, 404","REC-01. apps/api/src/routes/environments.ts"
이정,P1,환경 삭제,완료,/api/v1/environments/:id,API-26,DELETE,path: id,204 No Content,"204, 409","REC-01. 진행 중 배포가 있으면 409. 기본 연결이면 가장 오래된 연결이 승계. apps/api/src/routes/environments.ts"
이정,P1,환경 기본 지정,완료,/api/v1/environments/:id,API-26B,PATCH,"path: id, { isDefault: true }",200 + 환경 상세,"200, 400, 404","같은 범위·종류의 기존 기본 해제 (#228). apps/api/src/routes/environments.ts"
신은영,P1,확장 모듈 카탈로그 조회,대기,/api/v1/modules,API-27,GET,—,"모듈 목록 (id, name, resourceType, provider, estimatedMonthlyCost)",200,"U-05. 라우트 미구현. POST /missing-resources 의 moduleId 후보"
이정,P1,시크릿 저장,완료,/api/v1/secrets,API-28,POST,"{ name, value, projectId? }","201 + { name, projectId, createdAt }","201, 400, 409","DAT-02. AES-GCM 암호화 저장. 응답에 값 평문 미노출. projectId 생략 시 공용 시크릿 (#215). apps/api/src/routes/secrets.ts"
이정,P1,시크릿 목록 조회,완료,/api/v1/secrets,API-29,GET,query: projectId?,"시크릿 목록 (name, projectId, createdAt — 값 제외)",200,"DAT-02. apps/api/src/routes/secrets.ts"
이정,P1,시크릿 삭제,완료,/api/v1/secrets/:name,API-30,DELETE,"path: name, query: projectId?",204 No Content,"204, 400, 404","DAT-02. apps/api/src/routes/secrets.ts"
조서현,P1,비용 예측 조회,대기,/api/v1/projects/:id/cost/estimate,API-31,GET,"query: profileId(필수), size(small|medium|large), resources","breakdown[], totalMonthly, currency","200, 400","CST-03/REC-06. 라우트 미구현"
이정,P1,AI 사용량 조회,완료,/api/v1/deployments/:id/ai-usage,API-32,GET,path: id,"totalTokenIn, totalTokenOut, totalCostUsd, breakdown[]","200, 404","CST-01. 배포 1회당 AI API 토큰·비용. apps/api/src/routes/deployment-ai-usage.ts"
신은영,P1,환경 락 목록 조회,대기,/api/v1/env-locks,API-33,GET,—,"활성 락 목록 (lockId, environment, projectId, deploymentId, acquiredAt, expiresAt)",200,"LCK-01/02. 라우트 미구현"
김민성,P1,대기열 배포 조회,완료,/api/v1/projects/:id/deployments?status=queued,API-34,GET,query: status=queued,대기 중 배포 목록,200,"LCK-02. API-22 에 status=queued 필터로 처리. 별도 엔드포인트 불필요"
신은영,P1,로그 실시간 스트리밍,대기,/api/v1/deployments/:id/logs?stream=true,API-35,SSE,"query: step, stream=true, Accept: text/event-stream","event: log_line, data: {line, ts}","200, 400, 404","LOG-02. 현재 400 NOT_IMPLEMENTED 반환. apps/api/src/routes/deployment-logs.ts"
이정,P1,AI 실패 진단 조회,완료,/api/v1/deployments/:id/diagnosis,API-36,GET,path: id,"failedStep, summary, summaryI18n{ko,ja}, patchCandidates[](description, descriptionI18n{ko,ja}), generatedAt","200, 404","FIX-01/02. 실패 배포 AI 진단 + 수정 후보. D-68 다국어 {ko,ja} 포함. apps/api/src/routes/deployment-diagnosis.ts"
공통,P1,사용자 계정 생성,대기,/api/v1/users,API-37,POST,"{ email, password, name }",생성된 사용자 정보,"201, 409","USR-01. 라우트 미구현"
공통,P1,내 정보 조회,대기,/api/v1/users/me,API-38,GET,Authorization: Bearer,"{ id, email, name, createdAt }","200, 401","USR-01. 라우트 미구현. 현재 인증은 API_KEY 또는 세션 토큰"
신은영,P1,환경 단위 트래픽 전환,대기,/api/v1/environments/:id/switch,API-39,POST,"{ targetDeploymentId, reason }","{ switchJobId, from, to, estimatedSwitchSec, domainUrl }","202, 409","SW-01~03. 고정 도메인 라우팅 대상 변경. 라우트 미구현"
조서현,P2,메트릭 조회,대기,/api/v1/deployments/:id/metrics,API-40,GET,"query: from, to(ISO8601), resolution(1m|5m|1h)","metrics: {cpuPercent, memoryMb, requestsPerMin}[]","200, 404","OBS-02/03. 라우트 미구현. 운영 지표는 /ops 로 흡수 (D-69)"
조서현,P2,감사 로그 조회,완료,/api/v1/audit-logs,API-41,GET,"query: actor?(type:id), resource?(type:id), action?(prefix), from?, limit?, cursor?","{ items[], nextCursor }",200,"LOG-03. 설정 변경·시크릿 수정·권한 변경 이력. apps/api/src/routes/audit-logs.ts"
안우진,P2,비용 실제 청구 조회,대기,/api/v1/projects/:id/cost/actual,API-42,GET,query: month(YYYY-MM),"totalCostUsd, breakdown[], currency","200, 503","CST-04. AWS Cost Explorer 연동. 라우트 미구현"
공통,P2,팀 생성,대기,/api/v1/teams,API-43,POST,"{ name, projectId }",생성된 팀 정보,201,"USR-02. 라우트 미구현"
공통,P2,팀 목록 조회,대기,/api/v1/teams,API-44,GET,—,팀 목록,200,"USR-02. 라우트 미구현"
공통,P2,팀 멤버 추가,대기,/api/v1/teams/:id/members,API-45,POST,"{ userId, role }",추가된 멤버 정보,"201, 409","USR-02. 라우트 미구현"
조서현,P2,GitHub 웹훅 수신,대기,/api/v1/webhooks/github,API-46,POST,"X-GitHub-Event: push, X-Hub-Signature-256, GitHub push payload",트리거 접수,"202, 400","CI-01. 라우트 미구현"
공통,P2,CLI 토큰 발급,대기,/api/v1/cli/tokens,API-47,POST,"{ name, expiresInDays }","{ tokenId, token(1회만), name, expiresAt }",201,"UI-02. 토큰 값은 발급 시점 1회만. 라우트 미구현"
공통,P2,CLI 토큰 폐기,대기,/api/v1/cli/tokens/:id,API-48,DELETE,path: tokenId,204 No Content,"204, 404","UI-02. 라우트 미구현"
이정,P0,앱 삭제 (리소스 teardown),완료,/api/v1/projects/:id,API-49,DELETE,path: id,"202 + { projectId, status: deleting, teardownJobId }","202, 404, 409","#247. 202 로 받고 teardown 워커가 AWS 리소스 · 공개 주소 · 배포 기록 정리. apps/api/src/routes/projects.ts"
이정,P1,앱 주소 사용 가능 여부,완료,/api/v1/projects/subdomain-availability,API-50,GET,query: name,"{ available: boolean, reason?: format|reserved|taken }",200,"D-67 (#300). 소문자·숫자·하이픈 3~40자. 예약어 · service-{숫자} 금지 · 다른 앱 사용 중 체크. apps/api/src/routes/projects.ts"
이정,P1,앱 주소 변경,완료,/api/v1/projects/:id/subdomain,API-51,PATCH,"path: id, { subdomain }",200 · 202 + Project,"200, 202, 400, 404, 409","D-67 (#301). 새 주소에 origin 붙이고 최종 URL 검증 통과하면 교체. 202 는 워커 작업 시작, 200 은 즉시 반영. 정적 사이트(S3)는 409. apps/api/src/routes/projects.ts"
이정,P1,코드 수정안(diff) 조회,완료,/api/v1/deployments/:id/patch,API-52,GET,path: id,"{ patch, summary, summaryI18n{ko,ja}, notesI18n{ko,ja}, createdAt }","200, 404","PAT-02 (#277). D-64 SQLite→RDS dual-mode 수정안 diff. D-68 다국어. 승인은 POST /approvals {gate: patch}. apps/api/src/routes/deployment-patch.ts"
신은영,P1,프로젝트 환경변수 목록,완료,/api/v1/projects/:id/env,API-53,GET,path: id,"{ items: [{ name, value, updatedAt }] }","200, 404","DAT-01. apps/api/src/routes/project-env.ts"
신은영,P1,프로젝트 환경변수 수정,완료,/api/v1/projects/:id/env,API-54,PATCH,"path: id, { vars: { NAME: ""값"" | null } }","{ items: [{ name, value, updatedAt }] }","200, 400, 404","DAT-01. null 값은 삭제. apps/api/src/routes/project-env.ts"
조서현,P1,운영 대시보드 - 작업 큐,완료,/api/v1/ops/queue,API-55,GET,—,"{ pending, active, completed24h, failed24h, workers[{id, lastHeartbeat, status}] }",200,"D-69 (#308). pg-boss 테이블 + 워커 하트비트. apps/api/src/routes/ops.ts"
조서현,P1,운영 대시보드 - 서버 지표,완료,/api/v1/ops/server,API-56,GET,—,"{ cpu, memory, disk, buildCache, warnings[] }",200,"D-69. 워커가 30초마다 남긴 지표. 디스크 80%·메모리 90% 경고. apps/api/src/routes/ops.ts"
조서현,P1,운영 대시보드 - AI 사용량,완료,/api/v1/ops/ai-usage,API-57,GET,—,"{ totalCostUsd, byPurpose: [{ purpose: analysis|sqlite_patch|diagnosis, cost, tokens }] }",200,"D-69. 호출 목적별 비용 추정. apps/api/src/routes/ops.ts"
조서현,P1,운영 대시보드 - 플랫폼 CD,완료,/api/v1/ops/deploys,API-58,GET,—,"플랫폼 자동 배포 기록 (deploymentId, status, startedAt, finishedAt, githubRunId, link)",200,"D-69. 배포 스크립트가 psql 로 직접 기록. apps/api/src/routes/ops.ts"
신은영,P0,에이전트 등록 토큰 발급,완료,/api/v1/environments/:id/agent-registration-token,API-59,POST,path: id (세션 인증),"201 + { token, expiresAt }","201, 400, 404","On-Prem Agent 1회용 등록 토큰. 사용자 세션 인증. apps/api/src/routes/agents.ts"
신은영,P0,에이전트 등록,완료,/api/v1/agents/register,API-60,POST,"{ registrationToken }","201 + { agentId, longLivedKey, environmentId }","201, 401, 404","등록 토큰 소비 → 장기 인증키 발급. 인증 불필요(토큰이 크레덴셜). apps/api/src/routes/agents.ts"
신은영,P0,에이전트 Heartbeat,완료,/api/v1/agents/heartbeat,API-61,POST,"Bearer long-lived-key, { runtimes[], currentJobId? }","200 + { ok, deploymentCancelled?, desiredDeploymentIds[] }","200, 401, 409","last_seen_at 갱신 + 취소 신호 감지 + Job lease 갱신. apps/api/src/routes/agents.ts"
신은영,P0,에이전트 Tunnel 준비,완료,/api/v1/agents/jobs/:jobId/tunnel,API-62,POST,"Bearer agent, { deploymentId, environmentId, localPort(1-65535) }","200 + { tunnelSession ... }","200, 400, 401, 404","Agent 동적 로컬 포트에 Cloudflare Named Tunnel 준비. cache-control: no-store. apps/api/src/routes/agent-jobs.ts"
신은영,P0,에이전트 ECR 단기 인증,완료,/api/v1/agents/jobs/:jobId/ecr-credential,API-63,POST,"Bearer agent, path: jobId(digits)","200 + { username, password, registry, expiresAt } (1회만)","200, 400, 401, 404","현재 Agent Job attempt 의 ECR 단기 인증정보 1회 조회. no-store/no-cache. apps/api/src/routes/agent-ecr-credentials.ts"
신은영,P0,에이전트 Cleanup 작업 claim,완료,/api/v1/agents/cleanup-jobs/claim,API-64,POST,Bearer agent,"200 + { job: Cleanup Job | null }","200, 401","예약된 런타임 cleanup Job 비차단 claim (superseded, deployment_failed, deployment_cancelled, project_deleted). apps/api/src/routes/agent-jobs.ts"
신은영,P0,에이전트 Cleanup 결과 제출,완료,/api/v1/agents/cleanup-jobs/:jobId/result,API-65,POST,"Bearer agent, { status: succeeded|failed, jobId(cleanup-N), attempt, deploymentId, environmentId, reason, startedAt, finishedAt, errorCode?, errorMessage? }",204 No Content,"204, 400, 401","Agent 런타임 cleanup 결과 저장. apps/api/src/routes/agent-jobs.ts"
